modele,cv_roc_auc,recall,precision,f1,roc_auc,train_time_s,predict_ms
LogisticRegression,0.7783417343297113,0.7323943661971831,0.3561643835616438,0.4792626728110599,0.7804910544347164,38.45415624399902,8.110294002108276
RandomForest,0.9777573254026276,0.7464788732394366,1.0,0.8548387096774194,0.9943852303007232,35.4237738570082,216.97867603506893
ExtraTrees,0.9924086896929936,0.9788732394366197,1.0,0.9893238434163701,0.9989293871336126,13.23405669000931,222.72483800770715
GradientBoosting,0.9670426539720903,0.9084507042253521,1.0,0.9520295202952029,0.9913304149219644,37.665655299962964,17.183365009259433
SVC,0.9314875466297797,0.8098591549295775,0.9583333333333334,0.8778625954198473,0.97728397411496,11.370267360005528,107.72281402023509
MLP (réseau de neurones),0.8592823416541406,0.0,0.0,0.0,0.6019033117624668,5.760957661026623,8.781758020631969
